id,title,content,author,category,tags,views,likes,created_at
1,Hadoop生态系统入门指南,本文介绍了Hadoop生态系统的核心组件包括HDFS、MapReduce和YARN，适合大数据初学者阅读,张三,大数据技术,"hadoop,大数据,入门",15230,823,2025-01-05
2,Hive数据仓库实战笔记,记录了使用Hive搭建数据仓库的完整过程包括表设计、分区策略和查询优化技巧,李四,数据仓库,"hive,数仓,实战",12890,756,2025-01-08
3,Spark性能调优深度解析,深入分析Spark作业的内存管理、并行度设置和数据倾斜处理方案,王五,Spark,"spark,性能调优,分布式计算",18920,1102,2025-01-12
4,Kafka消息队列最佳实践,分享Kafka在生产环境中的配置经验包括分区策略、消费者组和消息持久化,张三,消息队列,"kafka,消息队列,生产实践",11450,634,2025-01-15
5,Flink实时计算框架详解,全面介绍Flink的流处理模型、窗口机制和状态管理,赵六,实时计算,"flink,流计算,实时",13560,798,2025-01-20
6,MySQL索引优化实战总结,总结MySQL中B+树索引的使用场景和常见优化案例,李四,数据库,"mysql,索引,优化",9870,543,2025-01-25
7,Docker容器化部署指南,手把手教你使用Docker部署微服务应用包括Dockerfile编写和Compose编排,王五,DevOps,"docker,容器化,部署",16230,891,2025-02-01
8,Elasticsearch全文搜索引擎实战,详细介绍ES的索引设计、分词器配置和复杂查询DSL,张三,搜索引擎,"elasticsearch,搜索,全文检索",14320,812,2025-02-05
9,Redis缓存策略与最佳实践,探讨Redis在博客场景下的缓存穿透、雪崩和击穿的解决方案,赵六,数据库,"redis,缓存,高并发",11780,672,2025-02-10
10,Python数据分析入门到精通,从Pandas基础到数据可视化的完整学习路线和代码示例,李四,数据科学,"python,数据分析,pandas",20150,1234,2025-02-15
11,HDFS分布式文件系统深度剖析,分析HDFS的NameNode架构、数据副本策略和读写流程,王五,大数据技术,"hdfs,分布式存储,大数据",10560,589,2025-02-20
12,Zookeeper分布式协调服务详解,介绍ZK的选举机制、Watch机制和在分布式锁中的应用,张三,分布式,"zookeeper,分布式锁,协调服务",8960,478,2025-02-25
13,Airflow工作流调度平台实践,使用Airflow构建ETL数据管道的经验分享和DAG设计模式,赵六,数据工程,"airflow,调度,ETL",13240,745,2025-03-01
14,ClickHouse高性能OLAP引擎,深入分析ClickHouse的列式存储引擎和MergeTree表族的使用,李四,数据仓库,"clickhouse,OLAP,列存储",15670,923,2025-03-05
15,数据治理体系建设方法论,从数据质量、元数据管理和数据安全三个维度构建数据治理体系,王五,数据治理,"数据治理,数据质量,元数据",9120,498,2025-03-10
16,机器学习模型部署实战,将训练好的ML模型通过FastAPI部署为在线推理服务,张三,机器学习,"机器学习,模型部署,fastapi",17890,1056,2025-03-15
17,Grafana监控告警体系搭建,使用Prometheus+Grafana搭建全方位的监控告警平台,赵六,DevOps,"grafana,prometheus,监控",10340,567,2025-03-20
18,数据湖架构设计与实践,对比分析数据湖与数据仓库的优劣并给出Iceberg方案,李四,数据架构,"数据湖,iceberg,架构设计",14560,834,2025-03-25
19,Java并发编程核心要点,深入讲解线程池、锁机制和并发容器的使用,王五,编程语言,"java,并发,多线程",16450,967,2025-04-01
20,Kubernetes集群管理进阶,K8s的Pod调度策略、资源管理和 Helm Chart 编写,张三,DevOps,"kubernetes,k8s,容器编排",13780,789,2025-04-05
21,大数据平台安全架构设计,从Kerberos认证到Ranger权限控制的完整安全方案,赵六,大数据技术,"安全,kerberos,ranger",8920,445,2025-04-10
22,数据血缘追踪系统实现,基于Apache Atlas构建数据血缘追踪和影响分析系统,李四,数据治理,"数据血缘,atlas,数据治理",10120,534,2025-04-15
23,Spark Structured Streaming实战,使用Structured Streaming实现 Exactly-Once 语义的实时数据处理,王五,实时计算,"spark streaming,实时,结构化流",12340,712,2025-04-20
24,微服务架构设计模式,总结微服务拆分原则、服务注册发现和熔断降级策略,张三,系统架构,"微服务,架构设计,spring cloud",19230,1156,2025-04-25
25,HBase NoSQL数据库深入解读,分析HBase的Region分裂机制、Compaction策略和RowKey设计,赵六,数据库,"hbase,nosql,分布式数据库",8760,423,2025-05-01
26,数据中台建设实践与思考,分享从零搭建数据中台的经验包括指标体系和数据服务层,李四,数据架构,"数据中台,指标体系,数据服务",11560,656,2025-05-05
27,Go语言高并发编程技巧,Go语言的Goroutine调度模型和Channel通信模式实战,王五,编程语言,"go,高并发,goroutine",14890,867,2025-05-10
28,Delta Lake数据湖存储格式,介绍Delta Lake的ACID事务、Schema演进和时间旅行功能,张三,数据架构,"delta lake,数据湖,事务",10780,589,2025-05-15
29,日志采集与分析平台搭建,使用Filebeat+Logstash+Kibana搭建完整的日志分析平台,赵六,DevOps,"ELK,日志,监控",9340,478,2025-05-20
30,数据可视化大屏设计实践,使用ECharts和DataV设计炫酷的数据可视化大屏,李四,数据科学,"数据可视化,echarts,大屏",16890,1023,2025-05-25
